staff_id,first_name,last_name,address_id,picture,email,store_id,active,username,password,last_update
3,Alice,Hillyer,5,12345,user8270@demo.co,3,1,Emma,8cb2237d0679ca88db6464eac60da96345513964,2020-12-23 20:54:31
4,Benjamin,Stephens,6,67890,user1860@sample.net,4,1,Oliver,6a3c1b2d5f8e7a9c0d4b6f8e7a9c0d4b6f8e7,2020-12-23 18:43:17
5,Charlotte,Johnson,7,24680,user6191@dev.io,5,1,Sophia,4d5a3c1b2d5f8e7a9c0d4b6f8e7a9c0d4b6f,2020-12-23 05:17:18
6,Daniel,Williams,8,13579,user6734@test.org,6,1,Liam,9c0d4b6f8e7a9c0d4b6f8e7a9c0d4b6f8e7a9,2020-12-23 21:36:31
7,Ethan,Jones,9,98765,user1466@sample.net,7,1,Ava,3c1b2d5f8e7a9c0d4b6f8e7a9c0d4b6f8e7a9,2020-12-23 23:40:58
8,Felicity,Brown,10,43210,user6578@dev.io,8,1,Noah,7d0679ca88db6464eac60da96345513964,2020-12-23 02:27:09
9,Grace,Davis,11,56789,user9322@dev.io,9,1,Isabella,8cb2237d0679ca88db6464eac60da963455,2020-12-23 18:34:28
10,Henry,Garcia,12,87654,user1769@demo.co,10,1,Elijah,2d5f8e7a9c0d4b6f8e7a9c0d4b6f8e7a9c,2020-12-23 21:14:32
11,Isabella,Miller,13,10987,user7949@test.org,11,1,Charlotte,1b2d5f8e7a9c0d4b6f8e7a9c0d4b6f8e,2020-12-23 06:11:48
12,James,Wilson,14,54321,user6311@demo.co,12,1,Mason,0d4b6f8e7a9c0d4b6f8e7a9c0d4b6f8e7,2020-12-23 20:30:57
13,Lily,Martinez,15,78901,user7420@example.com,13,1,Amelia,4b6f8e7a9c0d4b6f8e7a9c0d4b6f8e7a9c,2020-12-23 23:19:36
14,Matthew,Anderson,16,23456,user5555@test.org,14,1,Alexander,6f8e7a9c0d4b6f8e7a9c0d4b6f8e7a9c0,2020-12-23 03:27:43
15,Olivia,Taylor,17,78912,user7396@demo.co,15,1,Mia,8db6464eac60da96345513964,2020-12-23 19:59:23
16,Noah,Thomas,18,34567,user9666@sample.net,16,1,Jackson,3c1b2d5f8e7a9c0d4b6f8e7a9c0d4b6f8,2020-12-23 17:48:50
17,Sophia,Jackson,19,89012,user3558@test.org,17,1,Elizabeth,5d8e7a9c0d4b6f8e7a9c0d4b6f8e7a9c,2020-12-23 08:35:57
18,William,White,20,45678,user3047@demo.co,18,1,Benjamin,6f8e7a9c0d4b6f8e7a9c0d4b6f8e7a9,2020-12-23 20:33:35
19,Ava,Hernandez,21,90123,user3747@sample.net,19,1,Sofia,2d5f8e7a9c0d4b6f8e7a9c0d4b6f8e7,2020-12-23 01:14:33
20,David,Lewis,22,12349,user2899@demo.co,20,1,Matthew,3c1b2d5f8e7a9c0d4b6f8e7a9c0d4b,2020-12-23 03:05:38
21,Emma,Robinson,23,9876,user2528@sample.net,21,1,Victoria,4b6f8e7a9c0d4b6f8e7a9c0d4b6f8e,2020-12-23 09:50:50
22,Jackson,Clark,24,6543,user4556@sample.net,22,1,Leo,5d8e7a9c0d4b6f8e7a9c0d4b6f8e7,2020-12-23 21:11:02
23,Mila,Perkins,25,2109,user9838@dev.io,23,1,Nora,6f8e7a9c0d4b6f8e7a9c0d4b6f8e7a,2020-12-23 12:17:39
24,Leo,Walker,26,4321,user6393@demo.co,24,1,Lucas,7d0679ca88db6464eac60da963455,2020-12-23 20:14:32
25,Nora,Patel,27,8765,user9792@demo.co,25,1,Hazel,8cb2237d0679ca88db6464eac60da963,2020-12-23 02:25:07
26,Owen,Thompson,28,654,user9433@test.org,26,1,Sebastian,9c0d4b6f8e7a9c0d4b6f8e7a9c0d4b,2020-12-23 03:47:29
27,Sofia,Nguyen,29,3210,user8513@dev.io,27,1,Scarlett,3c1b2d5f8e7a9c0d4b6f8e7a9c0d4,2020-12-23 22:41:43
28,Paul,Harper,30,98760,user8041@demo.co,28,1,Theo,4b6f8e7a9c0d4b6f8e7a9c0d4b6f8,2020-12-23 13:13:01
29,Victoria,Rivera,31,45679,user7235@demo.co,29,1,Leilani,5d8e7a9c0d4b6f8e7a9c0d4b6f8e,2020-12-23 22:36:04
30,Samuel,Cooper,32,21098,user1775@sample.net,30,1,Wyatt,6f8e7a9c0d4b6f8e7a9c0d4b6f8e,2020-12-23 05:44:40
31,Zoe,King,33,65432,user4152@demo.co,31,1,Ellie,8cb2237d0679ca88db6464eac60da96,2020-12-23 21:59:46
32,Elijah,Scott,34,10989,user2585@demo.co,32,1,Jace,9c0d4b6f8e7a9c0d4b6f8e7a9c0d4,2020-12-23 13:55:38
33,Amelia,Rodriguez,35,12345,user4073@test.org,33,1,Lillian,8cb2237d0679ca88db6464eac60da96345513964,2020-12-23 19:01:38
34,Lucas,Reyes,36,67890,user4843@dev.io,34,1,Aiden,6a3c1b2d5f8e7a9c0d4b6f8e7a9c0d4b6f8e7,2020-12-23 05:16:58
35,Isla,Wallace,37,24680,user7873@demo.co,35,1,Addison,4d5a3c1b2d5f8e7a9c0d4b6f8e7a9c0d4b6f,2020-12-23 01:34:36
36,Liam,James,38,13579,user1161@test.org,36,1,Hunter,9c0d4b6f8e7a9c0d4b6f8e7a9c0d4b6f8e7a9,2020-12-23 04:00:39
37,Addie,Lopez,39,98765,user1995@demo.co,37,1,Aubrey,3c1b2d5f8e7a9c0d4b6f8e7a9c0d4b6f8e7a9,2020-12-23 11:55:35
38,Miles,Morris,40,43210,user2016@dev.io,38,1,Ethan,7d0679ca88db6464eac60da96345513964,2020-12-23 12:22:46
39,Ellie,Bennett,41,56789,user7863@dev.io,39,1,Mila,8cb2237d0679ca88db6464eac60da963455,2020-12-23 10:09:02
40,Emily,Carter,42,87654,user9529@dev.io,40,1,Emma,2d5f8e7a9c0d4b6f8e7a9c0d4b6f8e7a9c,2020-12-23 21:13:15
41,Luke,Morgan,43,10987,user5887@test.org,41,1,Oliver,1b2d5f8e7a9c0d4b6f8e7a9c0d4b6f8e,2020-12-23 09:28:09
42,Aria,Gonzalez,44,54321,user5859@demo.co,42,1,Sophia,0d4b6f8e7a9c0d4b6f8e7a9c0d4b6f8e7,2020-12-23 11:29:40
43,Alice,Harris,45,78901,user9571@dev.io,43,1,Liam,4b6f8e7a9c0d4b6f8e7a9c0d4b6f8e7a9c,2020-12-23 00:04:19
44,Benjamin,Ramirez,46,23456,user8208@dev.io,44,1,Ava,6f8e7a9c0d4b6f8e7a9c0d4b6f8e7a9c0,2020-12-23 07:42:11
45,Charlotte,Bailey,47,78912,user3062@dev.io,45,1,Noah,8db6464eac60da96345513964,2020-12-23 00:56:53
46,Daniel,Murphy,48,34567,user1064@example.com,46,1,Isabella,3c1b2d5f8e7a9c0d4b6f8e7a9c0d4b6f8,2020-12-23 19:27:56
47,Ethan,Long,49,89012,user9006@example.com,47,1,Elijah,5d8e7a9c0d4b6f8e7a9c0d4b6f8e7a9c,2020-12-23 10:36:46
48,Felicity,Parker,50,45678,user6463@example.com,48,1,Charlotte,6f8e7a9c0d4b6f8e7a9c0d4b6f8e7a9,2020-12-23 04:11:36
49,Grace,Collins,51,90123,user3027@sample.net,49,1,Mason,2d5f8e7a9c0d4b6f8e7a9c0d4b6f8e7,2020-12-23 16:48:55
50,Henry,Edwards,52,12349,user6618@example.com,50,1,Amelia,3c1b2d5f8e7a9c0d4b6f8e7a9c0d4b,2020-12-23 11:55:27
51,Isabella,Kelly,53,9876,user1391@sample.net,51,1,Alexander,4b6f8e7a9c0d4b6f8e7a9c0d4b6f8e,2020-12-23 14:14:05
52,James,Howard,54,6543,user6892@test.org,52,1,Mia,5d8e7a9c0d4b6f8e7a9c0d4b6f8e7,2020-12-23 11:58:19
53,Lily,Ramos,55,2109,user7184@demo.co,53,1,Jackson,6f8e7a9c0d4b6f8e7a9c0d4b6f8e7a,2020-12-23 17:13:01
54,Matthew,Foster,56,4321,user7278@example.com,54,1,Elizabeth,7d0679ca88db6464eac60da963455,2020-12-23 08:36:19
55,Olivia,Stewart,57,8765,user4104@dev.io,55,1,Benjamin,8cb2237d0679ca88db6464eac60da963,2020-12-23 00:54:34
56,Noah,Alvarez,58,654,user3731@sample.net,56,1,Sofia,9c0d4b6f8e7a9c0d4b6f8e7a9c0d4b,2020-12-23 05:36:52
57,Sophia,Nelson,59,3210,user6056@sample.net,57,1,Matthew,3c1b2d5f8e7a9c0d4b6f8e7a9c0d4,2020-12-23 04:32:48
58,William,Mcdonald,60,98760,user9110@sample.net,58,1,Victoria,4b6f8e7a9c0d4b6f8e7a9c0d4b6f8,2020-12-23 18:13:11
59,Ava,Ross,61,45679,user4840@dev.io,59,1,Leo,5d8e7a9c0d4b6f8e7a9c0d4b6f8e,2020-12-23 09:19:52
60,David,Morales,62,21098,user8385@sample.net,60,1,Nora,6f8e7a9c0d4b6f8e7a9c0d4b6f8e,2020-12-23 17:23:58
61,Emma,Brock,63,65432,user5488@test.org,61,1,Lucas,8cb2237d0679ca88db6464eac60da96,2020-12-23 10:33:24
62,Jackson,Sherman,64,10989,user8721@demo.co,62,1,Hazel,9c0d4b6f8e7a9c0d4b6f8e7a9c0d4,2020-12-23 17:28:56
63,Mila,Flores,65,12345,user2484@sample.net,63,1,Sebastian,8cb2237d0679ca88db6464eac60da96345513964,2020-12-23 06:30:55
64,Leo,Hayes,66,67890,user1863@example.com,64,1,Scarlett,6a3c1b2d5f8e7a9c0d4b6f8e7a9c0d4b6f8e7,2020-12-23 14:42:49
65,Nora,Cook,67,24680,user9755@dev.io,65,1,Theo,4d5a3c1b2d5f8e7a9c0d4b6f8e7a9c0d4b6f,2020-12-23 22:43:37
66,Owen,Rice,68,13579,user7019@dev.io,66,1,Leilani,9c0d4b6f8e7a9c0d4b6f8e7a9c0d4b6f8e7a9,2020-12-23 19:22:44
67,Sofia,Diaz,69,98765,user8574@dev.io,67,1,Wyatt,3c1b2d5f8e7a9c0d4b6f8e7a9c0d4b6f8e7a9,2020-12-23 19:15:49
68,Paul,Hicks,70,43210,user2678@sample.net,68,1,Ellie,7d0679ca88db6464eac60da96345513964,2020-12-23 09:59:54
69,Victoria,Woods,71,56789,user5636@demo.co,69,1,Jace,8cb2237d0679ca88db6464eac60da963455,2020-12-23 07:49:20
70,Samuel,Quinn,72,87654,user7668@sample.net,70,1,Lillian,2d5f8e7a9c0d4b6f8e7a9c0d4b6f8e7a9c,2020-12-23 00:54:07
71,Zoe,Hughes,73,10987,user4157@demo.co,71,1,Aiden,1b2d5f8e7a9c0d4b6f8e7a9c0d4b6f8e,2020-12-23 05:04:46
72,Elijah,Gutierrez,74,54321,user3693@demo.co,72,1,Addison,0d4b6f8e7a9c0d4b6f8e7a9c0d4b6f8e7,2020-12-23 21:46:33
73,Amelia,Jenkins,75,78901,user4627@demo.co,73,1,Hunter,4b6f8e7a9c0d4b6f8e7a9c0d4b6f8e7a9c,2020-12-23 00:54:54
74,Lucas,Solis,76,23456,user6450@test.org,74,1,Aubrey,6f8e7a9c0d4b6f8e7a9c0d4b6f8e7a9c0,2020-12-23 10:09:29
75,Isla,Pierce,77,78912,user6592@example.com,75,1,Ethan,8db6464eac60da96345513964,2020-12-23 17:17:16
76,Liam,Olson,78,34567,user2306@example.com,76,1,Mila,3c1b2d5f8e7a9c0d4b6f8e7a9c0d4b6f8,2020-12-23 07:46:39
77,Addie,Stevens,79,89012,user6864@sample.net,77,1,Emma,5d8e7a9c0d4b6f8e7a9c0d4b6f8e7a9c,2020-12-23 16:11:26
78,Miles,Fisher,80,45678,user8526@sample.net,78,1,Oliver,6f8e7a9c0d4b6f8e7a9c0d4b6f8e7a9,2020-12-23 07:24:45
79,Ellie,Grant,81,90123,user5413@dev.io,79,1,Sophia,2d5f8e7a9c0d4b6f8e7a9c0d4b6f8e7,2020-12-23 03:32:00
80,Emily,Mendoza,82,12349,user1663@sample.net,80,1,Liam,3c1b2d5f8e7a9c0d4b6f8e7a9c0d4b,2020-12-23 18:30:15
81,Luke,Rios,83,9876,user2495@example.com,81,1,Ava,4b6f8e7a9c0d4b6f8e7a9c0d4b6f8e,2020-12-23 13:52:47
82,Aria,Chavez,84,6543,user4763@example.com,82,1,Noah,5d8e7a9c0d4b6f8e7a9c0d4b6f8e7,2020-12-23 04:40:25
83,Alice,Sullivan,85,2109,user2853@example.com,83,1,Isabella,6f8e7a9c0d4b6f8e7a9c0d4b6f8e7a,2020-12-23 01:49:05
84,Benjamin,Torres,86,4321,user7585@demo.co,84,1,Elijah,7d0679ca88db6464eac60da963455,2020-12-23 08:32:40
85,Charlotte,Ward,87,8765,user2291@test.org,85,1,Charlotte,8cb2237d0679ca88db6464eac60da963,2020-12-23 15:12:08
86,Daniel,Castillo,88,654,user8554@example.com,86,1,Mason,9c0d4b6f8e7a9c0d4b6f8e7a9c0d4b,2020-12-23 20:12:30
87,Ethan,Marshall,89,3210,user2636@example.com,87,1,Amelia,3c1b2d5f8e7a9c0d4b6f8e7a9c0d4,2020-12-23 08:10:03
88,Felicity,Russell,90,98760,user1698@example.com,88,1,Alexander,4b6f8e7a9c0d4b6f8e7a9c0d4b6f8,2020-12-23 01:37:45
89,Grace,Coleman,91,45679,user5737@demo.co,89,1,Mia,5d8e7a9c0d4b6f8e7a9c0d4b6f8e,2020-12-23 03:37:18
90,Henry,Gomez,92,21098,user1854@dev.io,90,1,Jackson,6f8e7a9c0d4b6f8e7a9c0d4b6f8e,2020-12-23 05:33:17
91,Isabella,Cox,93,65432,user6855@example.com,91,1,Elizabeth,8cb2237d0679ca88db6464eac60da96,2020-12-23 12:40:22
92,James,Reid,94,10989,user7528@sample.net,92,1,Benjamin,9c0d4b6f8e7a9c0d4b6f8e7a9c0d4,2020-12-23 18:44:10
93,Lily,Watson,95,12345,user6249@dev.io,93,1,Sofia,8cb2237d0679ca88db6464eac60da96345513964,2020-12-23 00:23:53
94,Matthew,Perez,96,67890,user2707@test.org,94,1,Matthew,6a3c1b2d5f8e7a9c0d4b6f8e7a9c0d4b6f8e7,2020-12-23 06:24:20
95,Olivia,Oliver,97,24680,user6791@demo.co,95,1,Victoria,4d5a3c1b2d5f8e7a9c0d4b6f8e7a9c0d4b6f,2020-12-23 14:00:11
96,Noah,Baker,98,13579,user4510@sample.net,96,1,Leo,9c0d4b6f8e7a9c0d4b6f8e7a9c0d4b6f8e7a9,2020-12-23 06:14:20
97,Sophia,Graham,99,98765,user5218@example.com,97,1,Nora,3c1b2d5f8e7a9c0d4b6f8e7a9c0d4b6f8e7a9,2020-12-23 18:59:28
98,William,Sims,100,43210,user9958@dev.io,98,1,Lucas,7d0679ca88db6464eac60da96345513964,2020-12-23 00:48:31
99,Ava,Hillyer,101,56789,user3931@test.org,99,1,Hazel,8cb2237d0679ca88db6464eac60da963455,2020-12-23 16:34:43
100,David,Stephens,102,87654,user1197@sample.net,100,1,Sebastian,2d5f8e7a9c0d4b6f8e7a9c0d4b6f8e7a9c,2020-12-23 05:25:10
101,Emma,Johnson,103,10987,user7287@example.com,101,1,Scarlett,1b2d5f8e7a9c0d4b6f8e7a9c0d4b6f8e,2020-12-23 02:07:45
102,Jackson,Williams,104,54321,user5282@dev.io,102,1,Theo,0d4b6f8e7a9c0d4b6f8e7a9c0d4b6f8e7,2020-12-23 13:09:01
103,Mila,Jones,105,78901,user1659@demo.co,103,1,Leilani,4b6f8e7a9c0d4b6f8e7a9c0d4b6f8e7a9c,2020-12-23 13:08:02
104,Leo,Brown,106,23456,user8098@demo.co,104,1,Wyatt,6f8e7a9c0d4b6f8e7a9c0d4b6f8e7a9c0,2020-12-23 20:25:07
105,Nora,Davis,107,78912,user7546@test.org,105,1,Ellie,8db6464eac60da96345513964,2020-12-23 15:01:05
106,Owen,Garcia,108,34567,user2986@sample.net,106,1,Jace,3c1b2d5f8e7a9c0d4b6f8e7a9c0d4b6f8,2020-12-23 20:28:25
107,Sofia,Miller,109,89012,user3911@demo.co,107,1,Lillian,5d8e7a9c0d4b6f8e7a9c0d4b6f8e7a9c,2020-12-23 11:04:33
108,Paul,Wilson,110,45678,user9680@example.com,108,1,Aiden,6f8e7a9c0d4b6f8e7a9c0d4b6f8e7a9,2020-12-23 15:36:14
109,Victoria,Martinez,111,90123,user2959@test.org,109,1,Addison,2d5f8e7a9c0d4b6f8e7a9c0d4b6f8e7,2020-12-23 11:35:14
110,Samuel,Anderson,112,12349,user5736@sample.net,110,1,Hunter,3c1b2d5f8e7a9c0d4b6f8e7a9c0d4b,2020-12-23 10:47:22
111,Zoe,Taylor,113,9876,user9155@example.com,111,1,Aubrey,4b6f8e7a9c0d4b6f8e7a9c0d4b6f8e,2020-12-23 05:45:49
112,Elijah,Thomas,114,6543,user7616@test.org,112,1,Ethan,5d8e7a9c0d4b6f8e7a9c0d4b6f8e7,2020-12-23 11:58:42
113,Amelia,Jackson,115,2109,user6534@test.org,113,1,Mila,6f8e7a9c0d4b6f8e7a9c0d4b6f8e7a,2020-12-23 12:20:22
114,Lucas,White,116,4321,user1262@demo.co,114,1,Emma,7d0679ca88db6464eac60da963455,2020-12-23 10:54:15
115,Isla,Hernandez,117,8765,user7287@test.org,115,1,Oliver,8cb2237d0679ca88db6464eac60da963,2020-12-23 14:52:59
116,Liam,Lewis,118,654,user9815@example.com,116,1,Sophia,9c0d4b6f8e7a9c0d4b6f8e7a9c0d4b,2020-12-23 14:24:35
117,Addie,Robinson,119,3210,user3049@example.com,117,1,Liam,3c1b2d5f8e7a9c0d4b6f8e7a9c0d4,2020-12-23 10:50:14
118,Miles,Clark,120,98760,user6423@demo.co,118,1,Ava,4b6f8e7a9c0d4b6f8e7a9c0d4b6f8,2020-12-23 03:20:12
119,Ellie,Perkins,121,45679,user5548@dev.io,119,1,Noah,5d8e7a9c0d4b6f8e7a9c0d4b6f8e,2020-12-23 21:18:33
120,Emily,Walker,122,21098,user8158@example.com,120,1,Isabella,6f8e7a9c0d4b6f8e7a9c0d4b6f8e,2020-12-23 13:03:47
121,Luke,Patel,123,65432,user8400@sample.net,121,1,Elijah,8cb2237d0679ca88db6464eac60da96,2020-12-23 20:51:45
122,Aria,Thompson,124,10989,user3255@sample.net,122,1,Charlotte,9c0d4b6f8e7a9c0d4b6f8e7a9c0d4,2020-12-23 14:27:34
123,Alice,Nguyen,125,12345,user5499@example.com,123,1,Mason,8cb2237d0679ca88db6464eac60da96345513964,2020-12-23 07:15:41
124,Benjamin,Harper,126,67890,user2648@demo.co,124,1,Amelia,6a3c1b2d5f8e7a9c0d4b6f8e7a9c0d4b6f8e7,2020-12-23 03:29:17
125,Charlotte,Rivera,127,24680,user5199@demo.co,125,1,Alexander,4d5a3c1b2d5f8e7a9c0d4b6f8e7a9c0d4b6f,2020-12-23 01:48:12
126,Daniel,Cooper,128,13579,user9445@sample.net,126,1,Mia,9c0d4b6f8e7a9c0d4b6f8e7a9c0d4b6f8e7a9,2020-12-23 03:25:24
127,Ethan,King,129,98765,user3557@example.com,127,1,Jackson,3c1b2d5f8e7a9c0d4b6f8e7a9c0d4b6f8e7a9,2020-12-23 10:06:30
128,Felicity,Scott,130,43210,user1098@example.com,128,1,Elizabeth,7d0679ca88db6464eac60da96345513964,2020-12-23 11:09:38
129,Grace,Rodriguez,131,56789,user3961@test.org,129,1,Benjamin,8cb2237d0679ca88db6464eac60da963455,2020-12-23 12:30:06
130,Henry,Reyes,132,87654,user3869@sample.net,130,1,Sofia,2d5f8e7a9c0d4b6f8e7a9c0d4b6f8e7a9c,2020-12-23 23:48:41
131,Isabella,Wallace,133,10987,user1956@example.com,131,1,Matthew,1b2d5f8e7a9c0d4b6f8e7a9c0d4b6f8e,2020-12-23 09:55:35
132,James,James,134,54321,user9352@demo.co,132,1,Victoria,0d4b6f8e7a9c0d4b6f8e7a9c0d4b6f8e7,2020-12-23 19:03:53
133,Lily,Lopez,135,78901,user7944@dev.io,133,1,Leo,4b6f8e7a9c0d4b6f8e7a9c0d4b6f8e7a9c,2020-12-23 06:53:00
134,Matthew,Morris,136,23456,user5911@demo.co,134,1,Nora,6f8e7a9c0d4b6f8e7a9c0d4b6f8e7a9c0,2020-12-23 11:55:44
135,Olivia,Bennett,137,78912,user7015@sample.net,135,1,Lucas,8db6464eac60da96345513964,2020-12-23 09:46:58
136,Noah,Carter,138,34567,user5496@example.com,136,1,Hazel,3c1b2d5f8e7a9c0d4b6f8e7a9c0d4b6f8,2020-12-23 12:54:21
137,Sophia,Morgan,139,89012,user5555@sample.net,137,1,Sebastian,5d8e7a9c0d4b6f8e7a9c0d4b6f8e7a9c,2020-12-23 21:20:21
138,William,Gonzalez,140,45678,user9050@dev.io,138,1,Scarlett,6f8e7a9c0d4b6f8e7a9c0d4b6f8e7a9,2020-12-23 08:25:08
139,Ava,Harris,141,90123,user9754@sample.net,139,1,Theo,2d5f8e7a9c0d4b6f8e7a9c0d4b6f8e7,2020-12-23 14:09:23
140,David,Ramirez,142,12349,user1225@dev.io,140,1,Leilani,3c1b2d5f8e7a9c0d4b6f8e7a9c0d4b,2020-12-23 09:07:23
141,Emma,Bailey,143,9876,user5893@example.com,141,1,Wyatt,4b6f8e7a9c0d4b6f8e7a9c0d4b6f8e,2020-12-23 15:48:25
142,Jackson,Murphy,144,6543,user8022@example.com,142,1,Ellie,5d8e7a9c0d4b6f8e7a9c0d4b6f8e7,2020-12-23 04:03:49
143,Mila,Long,145,2109,user8996@sample.net,143,1,Jace,6f8e7a9c0d4b6f8e7a9c0d4b6f8e7a,2020-12-23 23:18:35
144,Leo,Parker,146,4321,user8683@sample.net,144,1,Lillian,7d0679ca88db6464eac60da963455,2020-12-23 06:09:24
145,Nora,Collins,147,8765,user8679@example.com,145,1,Aiden,8cb2237d0679ca88db6464eac60da963,2020-12-23 17:18:35
146,Owen,Edwards,148,654,user8339@demo.co,146,1,Addison,9c0d4b6f8e7a9c0d4b6f8e7a9c0d4b,2020-12-23 09:32:54
147,Sofia,Kelly,149,3210,user3205@dev.io,147,1,Hunter,3c1b2d5f8e7a9c0d4b6f8e7a9c0d4,2020-12-23 17:04:46
148,Paul,Howard,150,98760,user2069@dev.io,148,1,Aubrey,4b6f8e7a9c0d4b6f8e7a9c0d4b6f8,2020-12-23 16:34:43
149,Victoria,Ramos,151,45679,user2060@dev.io,149,1,Ethan,5d8e7a9c0d4b6f8e7a9c0d4b6f8e,2020-12-23 01:32:54
150,Samuel,Foster,152,21098,user1301@dev.io,150,1,Mila,6f8e7a9c0d4b6f8e7a9c0d4b6f8e,2020-12-23 20:16:21
151,Zoe,Stewart,153,65432,user1606@sample.net,151,1,Emma,8cb2237d0679ca88db6464eac60da96,2020-12-23 15:36:14
152,Elijah,Alvarez,154,10989,user1699@example.com,152,1,Oliver,9c0d4b6f8e7a9c0d4b6f8e7a9c0d4,2020-12-23 02:27:06
153,Amelia,Nelson,155,12345,user1190@dev.io,153,1,Sophia,8cb2237d0679ca88db6464eac60da96345513964,2020-12-23 10:09:08
154,Lucas,Mcdonald,156,67890,user1980@example.com,154,1,Liam,6a3c1b2d5f8e7a9c0d4b6f8e7a9c0d4b6f8e7,2020-12-23 13:12:56
155,Isla,Ross,157,24680,user4327@sample.net,155,1,Ava,4d5a3c1b2d5f8e7a9c0d4b6f8e7a9c0d4b6f,2020-12-23 01:34:06
156,Liam,Morales,158,13579,user9319@test.org,156,1,Noah,9c0d4b6f8e7a9c0d4b6f8e7a9c0d4b6f8e7a9,2020-12-23 20:17:02
157,Addie,Brock,159,98765,user2816@test.org,157,1,Isabella,3c1b2d5f8e7a9c0d4b6f8e7a9c0d4b6f8e7a9,2020-12-23 09:53:38
158,Miles,Sherman,160,43210,user6854@test.org,158,1,Elijah,7d0679ca88db6464eac60da96345513964,2020-12-23 08:48:10
159,Ellie,Flores,161,56789,user6442@test.org,159,1,Charlotte,8cb2237d0679ca88db6464eac60da963455,2020-12-23 06:23:59
160,Emily,Hayes,162,87654,user8455@test.org,160,1,Mason,2d5f8e7a9c0d4b6f8e7a9c0d4b6f8e7a9c,2020-12-23 13:18:03
161,Luke,Cook,163,10987,user8806@sample.net,161,1,Amelia,1b2d5f8e7a9c0d4b6f8e7a9c0d4b6f8e,2020-12-23 05:41:31
162,Aria,Rice,164,54321,user2409@test.org,162,1,Alexander,0d4b6f8e7a9c0d4b6f8e7a9c0d4b6f8e7,2020-12-23 06:44:45
163,Alice,Diaz,165,78901,user1784@example.com,163,1,Mia,4b6f8e7a9c0d4b6f8e7a9c0d4b6f8e7a9c,2020-12-23 03:39:36
164,Benjamin,Hicks,166,23456,user8560@sample.net,164,1,Jackson,6f8e7a9c0d4b6f8e7a9c0d4b6f8e7a9c0,2020-12-23 00:35:02
165,Charlotte,Woods,167,78912,user8343@dev.io,165,1,Elizabeth,8db6464eac60da96345513964,2020-12-23 08:07:32
166,Daniel,Quinn,168,34567,user6801@test.org,166,1,Benjamin,3c1b2d5f8e7a9c0d4b6f8e7a9c0d4b6f8,2020-12-23 05:40:38
167,Ethan,Hughes,169,89012,user6986@test.org,167,1,Sofia,5d8e7a9c0d4b6f8e7a9c0d4b6f8e7a9c,2020-12-23 03:12:48
168,Felicity,Gutierrez,170,45678,user9716@demo.co,168,1,Matthew,6f8e7a9c0d4b6f8e7a9c0d4b6f8e7a9,2020-12-23 01:59:04
169,Grace,Jenkins,171,90123,user6625@example.com,169,1,Victoria,2d5f8e7a9c0d4b6f8e7a9c0d4b6f8e7,2020-12-23 11:26:31
170,Henry,Solis,172,12349,user5780@demo.co,170,1,Leo,3c1b2d5f8e7a9c0d4b6f8e7a9c0d4b,2020-12-23 20:07:37
171,Isabella,Pierce,173,9876,user3368@demo.co,171,1,Nora,4b6f8e7a9c0d4b6f8e7a9c0d4b6f8e,2020-12-23 07:49:02
172,James,Olson,174,6543,user7002@demo.co,172,1,Lucas,5d8e7a9c0d4b6f8e7a9c0d4b6f8e7,2020-12-23 21:43:57
173,Lily,Stevens,175,2109,user6919@sample.net,173,1,Hazel,6f8e7a9c0d4b6f8e7a9c0d4b6f8e7a,2020-12-23 02:21:05
174,Matthew,Fisher,176,4321,user4769@dev.io,174,1,Sebastian,7d0679ca88db6464eac60da963455,2020-12-23 01:22:43
175,Olivia,Grant,177,8765,user7293@test.org,175,1,Scarlett,8cb2237d0679ca88db6464eac60da963,2020-12-23 01:37:16
176,Noah,Mendoza,178,654,user8509@example.com,176,1,Theo,9c0d4b6f8e7a9c0d4b6f8e7a9c0d4b,2020-12-23 02:33:22
177,Sophia,Rios,179,3210,user5777@sample.net,177,1,Leilani,3c1b2d5f8e7a9c0d4b6f8e7a9c0d4,2020-12-23 19:07:21
178,William,Chavez,180,98760,user3491@dev.io,178,1,Wyatt,4b6f8e7a9c0d4b6f8e7a9c0d4b6f8,2020-12-23 11:57:35
179,Ava,Sullivan,181,45679,user4124@demo.co,179,1,Ellie,5d8e7a9c0d4b6f8e7a9c0d4b6f8e,2020-12-23 04:12:28
180,David,Torres,182,21098,user4051@demo.co,180,1,Jace,6f8e7a9c0d4b6f8e7a9c0d4b6f8e,2020-12-23 14:56:54
181,Emma,Ward,183,65432,user1004@demo.co,181,1,Lillian,8cb2237d0679ca88db6464eac60da96,2020-12-23 15:41:29
182,Jackson,Castillo,184,10989,user5869@dev.io,182,1,Aiden,9c0d4b6f8e7a9c0d4b6f8e7a9c0d4,2020-12-23 22:15:11
183,Mila,Marshall,185,12345,user8027@sample.net,183,1,Addison,8cb2237d0679ca88db6464eac60da96345513964,2020-12-23 16:15:11
184,Leo,Russell,186,67890,user7966@demo.co,184,1,Hunter,6a3c1b2d5f8e7a9c0d4b6f8e7a9c0d4b6f8e7,2020-12-23 07:19:02
185,Nora,Coleman,187,24680,user7799@dev.io,185,1,Aubrey,4d5a3c1b2d5f8e7a9c0d4b6f8e7a9c0d4b6f,2020-12-23 15:29:44
186,Owen,Gomez,188,13579,user5465@demo.co,186,1,Ethan,9c0d4b6f8e7a9c0d4b6f8e7a9c0d4b6f8e7a9,2020-12-23 22:27:50
187,Sofia,Cox,189,98765,user2693@sample.net,187,1,Mila,3c1b2d5f8e7a9c0d4b6f8e7a9c0d4b6f8e7a9,2020-12-23 07:53:04
188,Paul,Reid,190,43210,user5752@sample.net,188,1,Emma,7d0679ca88db6464eac60da96345513964,2020-12-23 19:39:55
189,Victoria,Watson,191,56789,user6177@test.org,189,1,Oliver,8cb2237d0679ca88db6464eac60da963455,2020-12-23 11:00:56
190,Samuel,Perez,192,87654,user9932@test.org,190,1,Sophia,2d5f8e7a9c0d4b6f8e7a9c0d4b6f8e7a9c,2020-12-23 20:19:05
191,Zoe,Oliver,193,10987,user9308@example.com,191,1,Liam,1b2d5f8e7a9c0d4b6f8e7a9c0d4b6f8e,2020-12-23 21:17:07
192,Elijah,Baker,194,54321,user2931@dev.io,192,1,Ava,0d4b6f8e7a9c0d4b6f8e7a9c0d4b6f8e7,2020-12-23 06:31:32
193,Amelia,Graham,195,78901,user2664@test.org,193,1,Noah,4b6f8e7a9c0d4b6f8e7a9c0d4b6f8e7a9c,2020-12-23 20:15:11
194,Lucas,Sims,196,23456,user1512@test.org,194,1,Isabella,6f8e7a9c0d4b6f8e7a9c0d4b6f8e7a9c0,2020-12-23 05:51:33
195,Isla,Hillyer,197,78912,user8805@example.com,195,1,Elijah,8db6464eac60da96345513964,2020-12-23 13:35:32
196,Liam,Stephens,198,34567,user8404@dev.io,196,1,Charlotte,3c1b2d5f8e7a9c0d4b6f8e7a9c0d4b6f8,2020-12-23 22:49:44
197,Addie,Johnson,199,89012,user4343@dev.io,197,1,Mason,5d8e7a9c0d4b6f8e7a9c0d4b6f8e7a9c,2020-12-23 01:40:20
198,Miles,Williams,200,45678,user5070@dev.io,198,1,Amelia,6f8e7a9c0d4b6f8e7a9c0d4b6f8e7a9,2020-12-23 01:26:56
199,Ellie,Jones,201,90123,user8004@sample.net,199,1,Alexander,2d5f8e7a9c0d4b6f8e7a9c0d4b6f8e7,2020-12-23 08:00:10
200,Emily,Brown,202,12349,user4147@test.org,200,1,Mia,3c1b2d5f8e7a9c0d4b6f8e7a9c0d4b,2020-12-23 02:51:22
201,Luke,Davis,203,9876,user2679@sample.net,201,1,Jackson,4b6f8e7a9c0d4b6f8e7a9c0d4b6f8e,2020-12-23 03:17:54
202,Aria,Garcia,204,6543,user8253@example.com,202,1,Elizabeth,5d8e7a9c0d4b6f8e7a9c0d4b6f8e7,2020-12-23 05:34:21
203,Alice,Miller,205,2109,user6188@example.com,203,1,Benjamin,6f8e7a9c0d4b6f8e7a9c0d4b6f8e7a,2020-12-23 10:14:21
204,Benjamin,Wilson,206,4321,user3141@demo.co,204,1,Sofia,7d0679ca88db6464eac60da963455,2020-12-23 04:51:41
205,Charlotte,Martinez,207,8765,user7617@dev.io,205,1,Matthew,8cb2237d0679ca88db6464eac60da963,2020-12-23 11:46:48
206,Daniel,Anderson,208,654,user8421@dev.io,206,1,Victoria,9c0d4b6f8e7a9c0d4b6f8e7a9c0d4b,2020-12-23 09:37:17
207,Ethan,Taylor,209,3210,user6881@test.org,207,1,Leo,3c1b2d5f8e7a9c0d4b6f8e7a9c0d4,2020-12-23 12:34:29
208,Felicity,Thomas,210,98760,user3849@demo.co,208,1,Nora,4b6f8e7a9c0d4b6f8e7a9c0d4b6f8,2020-12-23 23:41:29
209,Grace,Jackson,211,45679,user8390@test.org,209,1,Lucas,5d8e7a9c0d4b6f8e7a9c0d4b6f8e,2020-12-23 13:05:02
210,Henry,White,212,21098,user7905@sample.net,210,1,Hazel,6f8e7a9c0d4b6f8e7a9c0d4b6f8e,2020-12-23 15:06:51
211,Isabella,Hernandez,213,65432,user3489@example.com,211,1,Sebastian,8cb2237d0679ca88db6464eac60da96,2020-12-23 13:08:14
212,James,Lewis,214,10989,user5611@test.org,212,1,Scarlett,9c0d4b6f8e7a9c0d4b6f8e7a9c0d4,2020-12-23 20:34:01
213,Lily,Robinson,215,12345,user7303@sample.net,213,1,Theo,8cb2237d0679ca88db6464eac60da96345513964,2020-12-23 01:34:17
214,Matthew,Clark,216,67890,user1851@demo.co,214,1,Leilani,6a3c1b2d5f8e7a9c0d4b6f8e7a9c0d4b6f8e7,2020-12-23 13:19:17
215,Olivia,Perkins,217,24680,user7833@sample.net,215,1,Wyatt,4d5a3c1b2d5f8e7a9c0d4b6f8e7a9c0d4b6f,2020-12-23 09:24:01
216,Noah,Walker,218,13579,user3427@example.com,216,1,Ellie,9c0d4b6f8e7a9c0d4b6f8e7a9c0d4b6f8e7a9,2020-12-23 21:32:35
217,Sophia,Patel,219,98765,user5000@dev.io,217,1,Jace,3c1b2d5f8e7a9c0d4b6f8e7a9c0d4b6f8e7a9,2020-12-23 13:00:45
218,William,Thompson,220,43210,user3738@sample.net,218,1,Lillian,7d0679ca88db6464eac60da96345513964,2020-12-23 15:53:45
219,Ava,Nguyen,221,56789,user6732@demo.co,219,1,Aiden,8cb2237d0679ca88db6464eac60da963455,2020-12-23 19:02:34
220,David,Harper,222,87654,user9002@example.com,220,1,Addison,2d5f8e7a9c0d4b6f8e7a9c0d4b6f8e7a9c,2020-12-23 08:05:24
221,Emma,Rivera,223,10987,user6536@test.org,221,1,Hunter,1b2d5f8e7a9c0d4b6f8e7a9c0d4b6f8e,2020-12-23 12:52:33
222,Jackson,Cooper,224,54321,user2066@demo.co,222,1,Aubrey,0d4b6f8e7a9c0d4b6f8e7a9c0d4b6f8e7,2020-12-23 07:20:33
223,Mila,King,225,78901,user5380@dev.io,223,1,Ethan,4b6f8e7a9c0d4b6f8e7a9c0d4b6f8e7a9c,2020-12-23 03:24:14
224,Leo,Scott,226,23456,user5107@test.org,224,1,Mila,6f8e7a9c0d4b6f8e7a9c0d4b6f8e7a9c0,2020-12-23 03:44:59
225,Nora,Rodriguez,227,78912,user9945@sample.net,225,1,Emma,8db6464eac60da96345513964,2020-12-23 11:31:31
226,Owen,Reyes,228,34567,user9967@dev.io,226,1,Oliver,3c1b2d5f8e7a9c0d4b6f8e7a9c0d4b6f8,2020-12-23 12:30:13
227,Sofia,Wallace,229,89012,user1417@sample.net,227,1,Sophia,5d8e7a9c0d4b6f8e7a9c0d4b6f8e7a9c,2020-12-23 19:17:28
228,Paul,James,230,45678,user9808@demo.co,228,1,Liam,6f8e7a9c0d4b6f8e7a9c0d4b6f8e7a9,2020-12-23 05:31:28
229,Victoria,Lopez,231,90123,user1825@dev.io,229,1,Ava,2d5f8e7a9c0d4b6f8e7a9c0d4b6f8e7,2020-12-23 10:01:59
230,Samuel,Morris,232,12349,user6745@dev.io,230,1,Noah,3c1b2d5f8e7a9c0d4b6f8e7a9c0d4b,2020-12-23 22:18:30
231,Zoe,Bennett,233,9876,user1412@demo.co,231,1,Isabella,4b6f8e7a9c0d4b6f8e7a9c0d4b6f8e,2020-12-23 18:04:18
232,Elijah,Carter,234,6543,user1728@dev.io,232,1,Elijah,5d8e7a9c0d4b6f8e7a9c0d4b6f8e7,2020-12-23 01:09:24
233,Amelia,Morgan,235,2109,user8164@example.com,233,1,Charlotte,6f8e7a9c0d4b6f8e7a9c0d4b6f8e7a,2020-12-23 01:10:49
234,Lucas,Gonzalez,236,4321,user9867@test.org,234,1,Mason,7d0679ca88db6464eac60da963455,2020-12-23 23:14:08
235,Isla,Harris,237,8765,user6988@example.com,235,1,Amelia,8cb2237d0679ca88db6464eac60da963,2020-12-23 22:18:08
236,Liam,Ramirez,238,654,user3967@sample.net,236,1,Alexander,9c0d4b6f8e7a9c0d4b6f8e7a9c0d4b,2020-12-23 02:20:08
237,Addie,Bailey,239,3210,user2122@demo.co,237,1,Mia,3c1b2d5f8e7a9c0d4b6f8e7a9c0d4,2020-12-23 13:50:06
238,Miles,Murphy,240,98760,user6073@example.com,238,1,Jackson,4b6f8e7a9c0d4b6f8e7a9c0d4b6f8,2020-12-23 15:15:59
239,Ellie,Long,241,45679,user3143@dev.io,239,1,Elizabeth,5d8e7a9c0d4b6f8e7a9c0d4b6f8e,2020-12-23 00:03:03
240,Emily,Parker,242,21098,user4440@dev.io,240,1,Benjamin,6f8e7a9c0d4b6f8e7a9c0d4b6f8e,2020-12-23 06:39:16
241,Luke,Collins,243,65432,user3914@example.com,241,1,Sofia,8cb2237d0679ca88db6464eac60da96,2020-12-23 04:38:59
242,Aria,Edwards,244,10989,user6917@example.com,242,1,Matthew,9c0d4b6f8e7a9c0d4b6f8e7a9c0d4,2020-12-23 19:28:51
243,Alice,Kelly,245,12345,user9787@example.com,243,1,Victoria,8cb2237d0679ca88db6464eac60da96345513964,2020-12-23 03:59:37
244,Benjamin,Howard,246,67890,user2365@dev.io,244,1,Leo,6a3c1b2d5f8e7a9c0d4b6f8e7a9c0d4b6f8e7,2020-12-23 06:49:36
245,Charlotte,Ramos,247,24680,user1698@sample.net,245,1,Nora,4d5a3c1b2d5f8e7a9c0d4b6f8e7a9c0d4b6f,2020-12-23 19:34:06
246,Daniel,Foster,248,13579,user1395@dev.io,246,1,Lucas,9c0d4b6f8e7a9c0d4b6f8e7a9c0d4b6f8e7a9,2020-12-23 21:13:06
247,Ethan,Stewart,249,98765,user8400@sample.net,247,1,Hazel,3c1b2d5f8e7a9c0d4b6f8e7a9c0d4b6f8e7a9,2020-12-23 04:21:04
248,Felicity,Alvarez,250,43210,user5171@example.com,248,1,Sebastian,7d0679ca88db6464eac60da96345513964,2020-12-23 22:01:26
249,Grace,Nelson,251,56789,user3502@demo.co,249,1,Scarlett,8cb2237d0679ca88db6464eac60da963455,2020-12-23 20:53:37
250,Henry,Mcdonald,252,87654,user1717@demo.co,250,1,Theo,2d5f8e7a9c0d4b6f8e7a9c0d4b6f8e7a9c,2020-12-23 14:20:09
251,Isabella,Ross,253,10987,user5946@test.org,251,1,Leilani,1b2d5f8e7a9c0d4b6f8e7a9c0d4b6f8e,2020-12-23 22:57:55
252,James,Morales,254,54321,user6486@dev.io,252,1,Wyatt,0d4b6f8e7a9c0d4b6f8e7a9c0d4b6f8e7,2020-12-23 06:04:00
253,Lily,Brock,255,78901,user8266@demo.co,253,1,Ellie,4b6f8e7a9c0d4b6f8e7a9c0d4b6f8e7a9c,2020-12-23 12:20:25
254,Matthew,Sherman,256,23456,user8192@demo.co,254,1,Jace,6f8e7a9c0d4b6f8e7a9c0d4b6f8e7a9c0,2020-12-23 17:44:20
255,Olivia,Flores,257,78912,user6588@demo.co,255,1,Lillian,8db6464eac60da96345513964,2020-12-23 20:17:36
256,Noah,Hayes,258,34567,user4636@example.com,256,1,Aiden,3c1b2d5f8e7a9c0d4b6f8e7a9c0d4b6f8,2020-12-23 12:31:35
257,Sophia,Cook,259,89012,user2062@dev.io,257,1,Addison,5d8e7a9c0d4b6f8e7a9c0d4b6f8e7a9c,2020-12-23 16:34:48
258,William,Rice,260,45678,user8860@test.org,258,1,Hunter,6f8e7a9c0d4b6f8e7a9c0d4b6f8e7a9,2020-12-23 10:20:51
259,Ava,Diaz,261,90123,user6305@test.org,259,1,Aubrey,2d5f8e7a9c0d4b6f8e7a9c0d4b6f8e7,2020-12-23 22:52:25
260,David,Hicks,262,12349,user8330@dev.io,260,1,Ethan,3c1b2d5f8e7a9c0d4b6f8e7a9c0d4b,2020-12-23 03:33:51
261,Emma,Woods,263,9876,user5330@sample.net,261,1,Mila,4b6f8e7a9c0d4b6f8e7a9c0d4b6f8e,2020-12-23 15:59:17
262,Jackson,Quinn,264,6543,user7801@demo.co,262,1,Emma,5d8e7a9c0d4b6f8e7a9c0d4b6f8e7,2020-12-23 07:34:40
263,Mila,Hughes,265,2109,user8241@test.org,263,1,Oliver,6f8e7a9c0d4b6f8e7a9c0d4b6f8e7a,2020-12-23 19:28:37
264,Leo,Gutierrez,266,4321,user3539@example.com,264,1,Sophia,7d0679ca88db6464eac60da963455,2020-12-23 09:20:41
265,Nora,Jenkins,267,8765,user2542@dev.io,265,1,Liam,8cb2237d0679ca88db6464eac60da963,2020-12-23 12:48:40
266,Owen,Solis,268,654,user2191@test.org,266,1,Ava,9c0d4b6f8e7a9c0d4b6f8e7a9c0d4b,2020-12-23 16:55:08
267,Sofia,Pierce,269,3210,user7938@test.org,267,1,Noah,3c1b2d5f8e7a9c0d4b6f8e7a9c0d4,2020-12-23 08:00:01
268,Paul,Olson,270,98760,user2540@dev.io,268,1,Isabella,4b6f8e7a9c0d4b6f8e7a9c0d4b6f8,2020-12-23 15:28:32
269,Victoria,Stevens,271,45679,user6541@sample.net,269,1,Elijah,5d8e7a9c0d4b6f8e7a9c0d4b6f8e,2020-12-23 09:49:57
270,Samuel,Fisher,272,21098,user2365@demo.co,270,1,Charlotte,6f8e7a9c0d4b6f8e7a9c0d4b6f8e,2020-12-23 07:20:27
271,Zoe,Grant,273,65432,user9702@example.com,271,1,Mason,8cb2237d0679ca88db6464eac60da96,2020-12-23 10:54:33
272,Elijah,Mendoza,274,10989,user2324@demo.co,272,1,Amelia,9c0d4b6f8e7a9c0d4b6f8e7a9c0d4,2020-12-23 07:58:21
273,Amelia,Rios,275,12345,user4141@demo.co,273,1,Alexander,8cb2237d0679ca88db6464eac60da96345513964,2020-12-23 07:48:14
274,Lucas,Chavez,276,67890,user4486@sample.net,274,1,Mia,6a3c1b2d5f8e7a9c0d4b6f8e7a9c0d4b6f8e7,2020-12-23 16:59:22
275,Isla,Sullivan,277,24680,user7588@demo.co,275,1,Jackson,4d5a3c1b2d5f8e7a9c0d4b6f8e7a9c0d4b6f,2020-12-23 23:44:18
276,Liam,Torres,278,13579,user6301@sample.net,276,1,Elizabeth,9c0d4b6f8e7a9c0d4b6f8e7a9c0d4b6f8e7a9,2020-12-23 04:31:43
277,Addie,Ward,279,98765,user9905@test.org,277,1,Benjamin,3c1b2d5f8e7a9c0d4b6f8e7a9c0d4b6f8e7a9,2020-12-23 00:22:36
278,Miles,Castillo,280,43210,user5268@dev.io,278,1,Sofia,7d0679ca88db6464eac60da96345513964,2020-12-23 07:12:07
279,Ellie,Marshall,281,56789,user5849@demo.co,279,1,Matthew,8cb2237d0679ca88db6464eac60da963455,2020-12-23 22:42:00
280,Emily,Russell,282,87654,user4709@test.org,280,1,Victoria,2d5f8e7a9c0d4b6f8e7a9c0d4b6f8e7a9c,2020-12-23 12:50:23
281,Luke,Coleman,283,10987,user7619@dev.io,281,1,Leo,1b2d5f8e7a9c0d4b6f8e7a9c0d4b6f8e,2020-12-23 02:23:16
282,Aria,Gomez,284,54321,user4072@sample.net,282,1,Nora,0d4b6f8e7a9c0d4b6f8e7a9c0d4b6f8e7,2020-12-23 04:19:20
283,Alice,Cox,285,78901,user1504@demo.co,283,1,Lucas,4b6f8e7a9c0d4b6f8e7a9c0d4b6f8e7a9c,2020-12-23 07:57:30
284,Benjamin,Reid,286,23456,user8576@example.com,284,1,Hazel,6f8e7a9c0d4b6f8e7a9c0d4b6f8e7a9c0,2020-12-23 13:35:10
285,Charlotte,Watson,287,78912,user6029@dev.io,285,1,Sebastian,8db6464eac60da96345513964,2020-12-23 19:14:18
286,Daniel,Perez,288,34567,user1133@test.org,286,1,Scarlett,3c1b2d5f8e7a9c0d4b6f8e7a9c0d4b6f8,2020-12-23 06:50:27
287,Ethan,Oliver,289,89012,user4627@dev.io,287,1,Theo,5d8e7a9c0d4b6f8e7a9c0d4b6f8e7a9c,2020-12-23 18:42:57
288,Felicity,Baker,290,45678,user7316@dev.io,288,1,Leilani,6f8e7a9c0d4b6f8e7a9c0d4b6f8e7a9,2020-12-23 04:04:29
289,Grace,Graham,291,90123,user5910@dev.io,289,1,Wyatt,2d5f8e7a9c0d4b6f8e7a9c0d4b6f8e7,2020-12-23 21:31:07
290,Henry,Sims,292,12349,user5175@dev.io,290,1,Ellie,3c1b2d5f8e7a9c0d4b6f8e7a9c0d4b,2020-12-23 09:37:46
291,Isabella,Hillyer,293,9876,user6348@demo.co,291,1,Jace,4b6f8e7a9c0d4b6f8e7a9c0d4b6f8e,2020-12-23 15:27:16
292,James,Stephens,294,6543,user7190@example.com,292,1,Lillian,5d8e7a9c0d4b6f8e7a9c0d4b6f8e7,2020-12-23 07:39:24
293,Lily,Johnson,295,2109,user4376@example.com,293,1,Aiden,6f8e7a9c0d4b6f8e7a9c0d4b6f8e7a,2020-12-23 08:01:14
294,Matthew,Williams,296,4321,user9053@sample.net,294,1,Addison,7d0679ca88db6464eac60da963455,2020-12-23 17:02:48
295,Olivia,Jones,297,8765,user3703@example.com,295,1,Hunter,8cb2237d0679ca88db6464eac60da963,2020-12-23 03:03:13
296,Noah,Brown,298,654,user8114@demo.co,296,1,Aubrey,9c0d4b6f8e7a9c0d4b6f8e7a9c0d4b,2020-12-23 08:40:24
297,Sophia,Davis,299,3210,user2353@demo.co,297,1,Ethan,3c1b2d5f8e7a9c0d4b6f8e7a9c0d4,2020-12-23 22:49:09
298,William,Garcia,300,98760,user8575@demo.co,298,1,Mila,4b6f8e7a9c0d4b6f8e7a9c0d4b6f8,2020-12-23 20:35:11
299,Ava,Miller,301,45679,user5468@test.org,299,1,Emma,5d8e7a9c0d4b6f8e7a9c0d4b6f8e,2020-12-23 07:01:53
300,David,Wilson,302,21098,user7819@test.org,300,1,Oliver,6f8e7a9c0d4b6f8e7a9c0d4b6f8e,2020-12-23 12:52:31
301,Emma,Martinez,303,65432,user4719@test.org,301,1,Sophia,8cb2237d0679ca88db6464eac60da96,2020-12-23 15:31:31
302,Jackson,Anderson,304,10989,user8483@test.org,302,1,Liam,9c0d4b6f8e7a9c0d4b6f8e7a9c0d4,2020-12-23 01:10:09
303,Mila,Taylor,305,12345,user1539@demo.co,303,1,Ava,8cb2237d0679ca88db6464eac60da96345513964,2020-12-23 14:16:39
304,Leo,Thomas,306,67890,user5964@example.com,304,1,Noah,6a3c1b2d5f8e7a9c0d4b6f8e7a9c0d4b6f8e7,2020-12-23 17:54:08
305,Nora,Jackson,307,24680,user5835@sample.net,305,1,Isabella,4d5a3c1b2d5f8e7a9c0d4b6f8e7a9c0d4b6f,2020-12-23 07:58:13
306,Owen,White,308,13579,user8102@example.com,306,1,Elijah,9c0d4b6f8e7a9c0d4b6f8e7a9c0d4b6f8e7a9,2020-12-23 17:21:51
307,Sofia,Hernandez,309,98765,user6320@example.com,307,1,Charlotte,3c1b2d5f8e7a9c0d4b6f8e7a9c0d4b6f8e7a9,2020-12-23 19:20:43
308,Paul,Lewis,310,43210,user7132@demo.co,308,1,Mason,7d0679ca88db6464eac60da96345513964,2020-12-23 18:45:48
309,Victoria,Robinson,311,56789,user3779@dev.io,309,1,Amelia,8cb2237d0679ca88db6464eac60da963455,2020-12-23 23:20:34
310,Samuel,Clark,312,87654,user2581@sample.net,310,1,Alexander,2d5f8e7a9c0d4b6f8e7a9c0d4b6f8e7a9c,2020-12-23 22:38:48
311,Zoe,Perkins,313,10987,user4324@test.org,311,1,Mia,1b2d5f8e7a9c0d4b6f8e7a9c0d4b6f8e,2020-12-23 11:40:46
312,Elijah,Walker,314,54321,user8026@dev.io,312,1,Jackson,0d4b6f8e7a9c0d4b6f8e7a9c0d4b6f8e7,2020-12-23 17:20:12
313,Amelia,Patel,315,78901,user2838@example.com,313,1,Elizabeth,4b6f8e7a9c0d4b6f8e7a9c0d4b6f8e7a9c,2020-12-23 20:07:45
314,Lucas,Thompson,316,23456,user1009@test.org,314,1,Benjamin,6f8e7a9c0d4b6f8e7a9c0d4b6f8e7a9c0,2020-12-23 07:45:06
315,Isla,Nguyen,317,78912,user8418@dev.io,315,1,Sofia,8db6464eac60da96345513964,2020-12-23 22:43:31
316,Liam,Harper,318,34567,user6124@example.com,316,1,Matthew,3c1b2d5f8e7a9c0d4b6f8e7a9c0d4b6f8,2020-12-23 10:21:21
317,Addie,Rivera,319,89012,user3193@example.com,317,1,Victoria,5d8e7a9c0d4b6f8e7a9c0d4b6f8e7a9c,2020-12-23 10:24:21
318,Miles,Cooper,320,45678,user8449@example.com,318,1,Leo,6f8e7a9c0d4b6f8e7a9c0d4b6f8e7a9,2020-12-23 12:17:01
319,Ellie,King,321,90123,user4925@sample.net,319,1,Nora,2d5f8e7a9c0d4b6f8e7a9c0d4b6f8e7,2020-12-23 20:14:51
320,Emily,Scott,322,12349,user7938@example.com,320,1,Lucas,3c1b2d5f8e7a9c0d4b6f8e7a9c0d4b,2020-12-23 17:30:14
321,Luke,Rodriguez,323,9876,user5000@test.org,321,1,Hazel,4b6f8e7a9c0d4b6f8e7a9c0d4b6f8e,2020-12-23 18:22:23
322,Aria,Reyes,324,6543,user8266@example.com,322,1,Sebastian,5d8e7a9c0d4b6f8e7a9c0d4b6f8e7,2020-12-23 11:12:21
323,Alice,Wallace,325,2109,user1404@demo.co,323,1,Scarlett,6f8e7a9c0d4b6f8e7a9c0d4b6f8e7a,2020-12-23 10:36:32
324,Benjamin,James,326,4321,user3000@dev.io,324,1,Theo,7d0679ca88db6464eac60da963455,2020-12-23 23:02:53
325,Charlotte,Lopez,327,8765,user6989@sample.net,325,1,Leilani,8cb2237d0679ca88db6464eac60da963,2020-12-23 18:22:28
326,Daniel,Morris,328,654,user2460@dev.io,326,1,Wyatt,9c0d4b6f8e7a9c0d4b6f8e7a9c0d4b,2020-12-23 06:43:46
327,Ethan,Bennett,329,3210,user4636@dev.io,327,1,Ellie,3c1b2d5f8e7a9c0d4b6f8e7a9c0d4,2020-12-23 04:46:07
328,Felicity,Carter,330,98760,user5809@test.org,328,1,Jace,4b6f8e7a9c0d4b6f8e7a9c0d4b6f8,2020-12-23 09:57:15
329,Grace,Morgan,331,45679,user5178@example.com,329,1,Lillian,5d8e7a9c0d4b6f8e7a9c0d4b6f8e,2020-12-23 07:00:43
330,Henry,Gonzalez,332,21098,user8245@example.com,330,1,Aiden,6f8e7a9c0d4b6f8e7a9c0d4b6f8e,2020-12-23 04:02:00
331,Isabella,Harris,333,65432,user6997@example.com,331,1,Addison,8cb2237d0679ca88db6464eac60da96,2020-12-23 03:39:34
332,James,Ramirez,334,10989,user5780@dev.io,332,1,Hunter,9c0d4b6f8e7a9c0d4b6f8e7a9c0d4,2020-12-23 09:33:42
333,Lily,Bailey,335,12345,user8939@example.com,333,1,Aubrey,8cb2237d0679ca88db6464eac60da96345513964,2020-12-23 09:20:45
334,Matthew,Murphy,336,67890,user5976@test.org,334,1,Ethan,6a3c1b2d5f8e7a9c0d4b6f8e7a9c0d4b6f8e7,2020-12-23 06:26:26
335,Olivia,Long,337,24680,user4419@test.org,335,1,Mila,4d5a3c1b2d5f8e7a9c0d4b6f8e7a9c0d4b6f,2020-12-23 01:40:47
336,Noah,Parker,338,13579,user1249@test.org,336,1,Emma,9c0d4b6f8e7a9c0d4b6f8e7a9c0d4b6f8e7a9,2020-12-23 12:08:51
337,Sophia,Collins,339,98765,user1770@sample.net,337,1,Oliver,3c1b2d5f8e7a9c0d4b6f8e7a9c0d4b6f8e7a9,2020-12-23 03:21:41
338,William,Edwards,340,43210,user5363@example.com,338,1,Sophia,7d0679ca88db6464eac60da96345513964,2020-12-23 21:11:16
339,Ava,Kelly,341,56789,user2077@demo.co,339,1,Liam,8cb2237d0679ca88db6464eac60da963455,2020-12-23 13:13:56
340,David,Howard,342,87654,user9580@sample.net,340,1,Ava,2d5f8e7a9c0d4b6f8e7a9c0d4b6f8e7a9c,2020-12-23 01:52:56
341,Emma,Ramos,343,10987,user7544@dev.io,341,1,Noah,1b2d5f8e7a9c0d4b6f8e7a9c0d4b6f8e,2020-12-23 19:10:15
342,Jackson,Foster,344,54321,user7996@test.org,342,1,Isabella,0d4b6f8e7a9c0d4b6f8e7a9c0d4b6f8e7,2020-12-23 18:30:54
343,Mila,Stewart,345,78901,user5530@demo.co,343,1,Elijah,4b6f8e7a9c0d4b6f8e7a9c0d4b6f8e7a9c,2020-12-23 05:55:18
344,Leo,Alvarez,346,23456,user7881@test.org,344,1,Charlotte,6f8e7a9c0d4b6f8e7a9c0d4b6f8e7a9c0,2020-12-23 04:57:03
345,Nora,Nelson,347,78912,user7241@test.org,345,1,Mason,8db6464eac60da96345513964,2020-12-23 14:03:19
346,Owen,Mcdonald,348,34567,user7941@sample.net,346,1,Amelia,3c1b2d5f8e7a9c0d4b6f8e7a9c0d4b6f8,2020-12-23 09:23:53
347,Sofia,Ross,349,89012,user2331@example.com,347,1,Alexander,5d8e7a9c0d4b6f8e7a9c0d4b6f8e7a9c,2020-12-23 02:25:36
348,Paul,Morales,350,45678,user5261@example.com,348,1,Mia,6f8e7a9c0d4b6f8e7a9c0d4b6f8e7a9,2020-12-23 05:20:53
349,Victoria,Brock,351,90123,user6115@test.org,349,1,Jackson,2d5f8e7a9c0d4b6f8e7a9c0d4b6f8e7,2020-12-23 07:38:20
350,Samuel,Sherman,352,12349,user8730@example.com,350,1,Elizabeth,3c1b2d5f8e7a9c0d4b6f8e7a9c0d4b,2020-12-23 09:37:45
351,Zoe,Flores,353,9876,user3180@dev.io,351,1,Benjamin,4b6f8e7a9c0d4b6f8e7a9c0d4b6f8e,2020-12-23 03:59:56
352,Elijah,Hayes,354,6543,user8043@test.org,352,1,Sofia,5d8e7a9c0d4b6f8e7a9c0d4b6f8e7,2020-12-23 12:19:16
353,Amelia,Cook,355,2109,user7327@example.com,353,1,Matthew,6f8e7a9c0d4b6f8e7a9c0d4b6f8e7a,2020-12-23 22:06:03
354,Lucas,Rice,356,4321,user6449@example.com,354,1,Victoria,7d0679ca88db6464eac60da963455,2020-12-23 13:02:23
355,Isla,Diaz,357,8765,user4579@demo.co,355,1,Leo,8cb2237d0679ca88db6464eac60da963,2020-12-23 04:15:57
356,Liam,Hicks,358,654,user5164@test.org,356,1,Nora,9c0d4b6f8e7a9c0d4b6f8e7a9c0d4b,2020-12-23 22:51:03
357,Addie,Woods,359,3210,user8941@dev.io,357,1,Lucas,3c1b2d5f8e7a9c0d4b6f8e7a9c0d4,2020-12-23 23:23:33
358,Miles,Quinn,360,98760,user6569@dev.io,358,1,Hazel,4b6f8e7a9c0d4b6f8e7a9c0d4b6f8,2020-12-23 17:18:30
359,Ellie,Hughes,361,45679,user7269@sample.net,359,1,Sebastian,5d8e7a9c0d4b6f8e7a9c0d4b6f8e,2020-12-23 18:48:45
360,Emily,Gutierrez,362,21098,user2906@example.com,360,1,Scarlett,6f8e7a9c0d4b6f8e7a9c0d4b6f8e,2020-12-23 18:21:23
361,Luke,Jenkins,363,65432,user8830@sample.net,361,1,Theo,8cb2237d0679ca88db6464eac60da96,2020-12-23 12:11:29
362,Aria,Solis,364,10989,user7031@demo.co,362,1,Leilani,9c0d4b6f8e7a9c0d4b6f8e7a9c0d4,2020-12-23 05:52:30
363,Alice,Pierce,365,12345,user9472@sample.net,363,1,Wyatt,8cb2237d0679ca88db6464eac60da96345513964,2020-12-23 03:18:47
364,Benjamin,Olson,366,67890,user2887@sample.net,364,1,Ellie,6a3c1b2d5f8e7a9c0d4b6f8e7a9c0d4b6f8e7,2020-12-23 12:35:29
365,Charlotte,Stevens,367,24680,user1666@dev.io,365,1,Jace,4d5a3c1b2d5f8e7a9c0d4b6f8e7a9c0d4b6f,2020-12-23 22:48:54
366,Daniel,Fisher,368,13579,user1671@test.org,366,1,Lillian,9c0d4b6f8e7a9c0d4b6f8e7a9c0d4b6f8e7a9,2020-12-23 00:17:51
367,Ethan,Grant,369,98765,user7777@sample.net,367,1,Aiden,3c1b2d5f8e7a9c0d4b6f8e7a9c0d4b6f8e7a9,2020-12-23 16:58:27
368,Felicity,Mendoza,370,43210,user8570@dev.io,368,1,Addison,7d0679ca88db6464eac60da96345513964,2020-12-23 14:10:56
369,Grace,Rios,371,56789,user6124@test.org,369,1,Hunter,8cb2237d0679ca88db6464eac60da963455,2020-12-23 21:44:32
370,Henry,Chavez,372,87654,user5777@dev.io,370,1,Aubrey,2d5f8e7a9c0d4b6f8e7a9c0d4b6f8e7a9c,2020-12-23 16:05:03
371,Isabella,Sullivan,373,10987,user7677@dev.io,371,1,Ethan,1b2d5f8e7a9c0d4b6f8e7a9c0d4b6f8e,2020-12-23 19:47:46
372,James,Torres,374,54321,user7981@example.com,372,1,Mila,0d4b6f8e7a9c0d4b6f8e7a9c0d4b6f8e7,2020-12-23 14:05:46
373,Lily,Ward,375,78901,user7376@demo.co,373,1,Emma,4b6f8e7a9c0d4b6f8e7a9c0d4b6f8e7a9c,2020-12-23 13:59:10
374,Matthew,Castillo,376,23456,user3393@test.org,374,1,Oliver,6f8e7a9c0d4b6f8e7a9c0d4b6f8e7a9c0,2020-12-23 06:08:25
375,Olivia,Marshall,377,78912,user8240@test.org,375,1,Sophia,8db6464eac60da96345513964,2020-12-23 15:04:56
376,Noah,Russell,378,34567,user7190@example.com,376,1,Liam,3c1b2d5f8e7a9c0d4b6f8e7a9c0d4b6f8,2020-12-23 19:09:49
377,Sophia,Coleman,379,89012,user7493@sample.net,377,1,Ava,5d8e7a9c0d4b6f8e7a9c0d4b6f8e7a9c,2020-12-23 02:12:42
378,William,Gomez,380,45678,user3878@dev.io,378,1,Noah,6f8e7a9c0d4b6f8e7a9c0d4b6f8e7a9,2020-12-23 16:29:53
379,Ava,Cox,381,90123,user5432@test.org,379,1,Isabella,2d5f8e7a9c0d4b6f8e7a9c0d4b6f8e7,2020-12-23 12:05:16
380,David,Reid,382,12349,user2276@demo.co,380,1,Elijah,3c1b2d5f8e7a9c0d4b6f8e7a9c0d4b,2020-12-23 12:50:52
381,Emma,Watson,383,9876,user1302@test.org,381,1,Charlotte,4b6f8e7a9c0d4b6f8e7a9c0d4b6f8e,2020-12-23 18:41:34
382,Jackson,Perez,384,6543,user9150@test.org,382,1,Mason,5d8e7a9c0d4b6f8e7a9c0d4b6f8e7,2020-12-23 13:25:50
383,Mila,Oliver,385,2109,user1364@test.org,383,1,Amelia,6f8e7a9c0d4b6f8e7a9c0d4b6f8e7a,2020-12-23 04:28:36
384,Leo,Baker,386,4321,user5621@sample.net,384,1,Alexander,7d0679ca88db6464eac60da963455,2020-12-23 19:48:20
385,Nora,Graham,387,8765,user6126@sample.net,385,1,Mia,8cb2237d0679ca88db6464eac60da963,2020-12-23 09:04:35
386,Owen,Sims,388,654,user2646@sample.net,386,1,Jackson,9c0d4b6f8e7a9c0d4b6f8e7a9c0d4b,2020-12-23 05:25:03
387,Sofia,Hillyer,389,3210,user6870@demo.co,387,1,Elizabeth,3c1b2d5f8e7a9c0d4b6f8e7a9c0d4,2020-12-23 06:38:49
388,Paul,Stephens,390,98760,user9172@test.org,388,1,Benjamin,4b6f8e7a9c0d4b6f8e7a9c0d4b6f8,2020-12-23 02:00:23
389,Victoria,Johnson,391,45679,user8673@sample.net,389,1,Sofia,5d8e7a9c0d4b6f8e7a9c0d4b6f8e,2020-12-23 03:05:40
390,Samuel,Williams,392,21098,user2906@example.com,390,1,Matthew,6f8e7a9c0d4b6f8e7a9c0d4b6f8e,2020-12-23 21:45:59
391,Zoe,Jones,393,65432,user6750@dev.io,391,1,Victoria,8cb2237d0679ca88db6464eac60da96,2020-12-23 11:59:56
392,Elijah,Brown,394,10989,user9905@example.com,392,1,Leo,9c0d4b6f8e7a9c0d4b6f8e7a9c0d4,2020-12-23 19:23:24
393,Amelia,Davis,395,12345,user2296@test.org,393,1,Nora,8cb2237d0679ca88db6464eac60da96345513964,2020-12-23 03:20:29
394,Lucas,Garcia,396,67890,user1125@demo.co,394,1,Lucas,6a3c1b2d5f8e7a9c0d4b6f8e7a9c0d4b6f8e7,2020-12-23 23:43:41
395,Isla,Miller,397,24680,user5632@example.com,395,1,Hazel,4d5a3c1b2d5f8e7a9c0d4b6f8e7a9c0d4b6f,2020-12-23 21:27:06
396,Liam,Wilson,398,13579,user4596@demo.co,396,1,Sebastian,9c0d4b6f8e7a9c0d4b6f8e7a9c0d4b6f8e7a9,2020-12-23 02:54:27
397,Addie,Martinez,399,98765,user7168@demo.co,397,1,Scarlett,3c1b2d5f8e7a9c0d4b6f8e7a9c0d4b6f8e7a9,2020-12-23 13:55:09
398,Miles,Anderson,400,43210,user8561@sample.net,398,1,Theo,7d0679ca88db6464eac60da96345513964,2020-12-23 15:15:53
399,Ellie,Taylor,401,56789,user1232@dev.io,399,1,Leilani,8cb2237d0679ca88db6464eac60da963455,2020-12-23 09:24:12
400,Emily,Thomas,402,87654,user7371@test.org,400,1,Wyatt,2d5f8e7a9c0d4b6f8e7a9c0d4b6f8e7a9c,2020-12-23 05:43:08
401,Luke,Jackson,403,10987,user8943@example.com,401,1,Ellie,1b2d5f8e7a9c0d4b6f8e7a9c0d4b6f8e,2020-12-23 12:35:55
402,Aria,White,404,54321,user7891@sample.net,402,1,Jace,0d4b6f8e7a9c0d4b6f8e7a9c0d4b6f8e7,2020-12-23 10:19:17
403,Alice,Hernandez,405,78901,user3472@dev.io,403,1,Lillian,4b6f8e7a9c0d4b6f8e7a9c0d4b6f8e7a9c,2020-12-23 10:56:20
404,Benjamin,Lewis,406,23456,user3739@test.org,404,1,Aiden,6f8e7a9c0d4b6f8e7a9c0d4b6f8e7a9c0,2020-12-23 03:49:32
405,Charlotte,Robinson,407,78912,user2761@sample.net,405,1,Addison,8db6464eac60da96345513964,2020-12-23 06:05:14
406,Daniel,Clark,408,34567,user1876@dev.io,406,1,Hunter,3c1b2d5f8e7a9c0d4b6f8e7a9c0d4b6f8,2020-12-23 17:31:55
407,Ethan,Perkins,409,89012,user2460@dev.io,407,1,Aubrey,5d8e7a9c0d4b6f8e7a9c0d4b6f8e7a9c,2020-12-23 10:19:23
408,Felicity,Walker,410,45678,user2733@demo.co,408,1,Ethan,6f8e7a9c0d4b6f8e7a9c0d4b6f8e7a9,2020-12-23 14:47:06
409,Grace,Patel,411,90123,user7986@example.com,409,1,Mila,2d5f8e7a9c0d4b6f8e7a9c0d4b6f8e7,2020-12-23 20:41:25
410,Henry,Thompson,412,12349,user9434@dev.io,410,1,Emma,3c1b2d5f8e7a9c0d4b6f8e7a9c0d4b,2020-12-23 11:55:13
411,Isabella,Nguyen,413,9876,user6342@test.org,411,1,Oliver,4b6f8e7a9c0d4b6f8e7a9c0d4b6f8e,2020-12-23 04:57:20
412,James,Harper,414,6543,user9659@demo.co,412,1,Sophia,5d8e7a9c0d4b6f8e7a9c0d4b6f8e7,2020-12-23 17:04:02
413,Lily,Rivera,415,2109,user9195@example.com,413,1,Liam,6f8e7a9c0d4b6f8e7a9c0d4b6f8e7a,2020-12-23 22:25:36
414,Matthew,Cooper,416,4321,user3551@sample.net,414,1,Ava,7d0679ca88db6464eac60da963455,2020-12-23 23:48:18
415,Olivia,King,417,8765,user6560@test.org,415,1,Noah,8cb2237d0679ca88db6464eac60da963,2020-12-23 18:24:20
416,Noah,Scott,418,654,user1846@sample.net,416,1,Isabella,9c0d4b6f8e7a9c0d4b6f8e7a9c0d4b,2020-12-23 11:56:40
417,Sophia,Rodriguez,419,3210,user7316@demo.co,417,1,Elijah,3c1b2d5f8e7a9c0d4b6f8e7a9c0d4,2020-12-23 00:49:52
418,William,Reyes,420,98760,user7469@test.org,418,1,Charlotte,4b6f8e7a9c0d4b6f8e7a9c0d4b6f8,2020-12-23 03:41:56
419,Ava,Wallace,421,45679,user9915@example.com,419,1,Mason,5d8e7a9c0d4b6f8e7a9c0d4b6f8e,2020-12-23 06:21:54
420,David,James,422,21098,user5208@demo.co,420,1,Amelia,6f8e7a9c0d4b6f8e7a9c0d4b6f8e,2020-12-23 00:16:23
421,Emma,Lopez,423,65432,user3048@test.org,421,1,Alexander,8cb2237d0679ca88db6464eac60da96,2020-12-23 01:27:57
422,Jackson,Morris,424,10989,user2828@sample.net,422,1,Mia,9c0d4b6f8e7a9c0d4b6f8e7a9c0d4,2020-12-23 10:40:38
423,Mila,Bennett,425,12345,user7988@sample.net,423,1,Jackson,8cb2237d0679ca88db6464eac60da96345513964,2020-12-23 21:48:16
424,Leo,Carter,426,67890,user4744@test.org,424,1,Elizabeth,6a3c1b2d5f8e7a9c0d4b6f8e7a9c0d4b6f8e7,2020-12-23 01:05:45
425,Nora,Morgan,427,24680,user1009@dev.io,425,1,Benjamin,4d5a3c1b2d5f8e7a9c0d4b6f8e7a9c0d4b6f,2020-12-23 05:33:00
426,Owen,Gonzalez,428,13579,user7038@test.org,426,1,Sofia,9c0d4b6f8e7a9c0d4b6f8e7a9c0d4b6f8e7a9,2020-12-23 09:20:04
427,Sofia,Harris,429,98765,user3219@test.org,427,1,Matthew,3c1b2d5f8e7a9c0d4b6f8e7a9c0d4b6f8e7a9,2020-12-23 01:21:47
428,Paul,Ramirez,430,43210,user3060@test.org,428,1,Victoria,7d0679ca88db6464eac60da96345513964,2020-12-23 01:09:33
429,Victoria,Bailey,431,56789,user2619@example.com,429,1,Leo,8cb2237d0679ca88db6464eac60da963455,2020-12-23 15:47:50
430,Samuel,Murphy,432,87654,user2342@dev.io,430,1,Nora,2d5f8e7a9c0d4b6f8e7a9c0d4b6f8e7a9c,2020-12-23 06:21:11
431,Zoe,Long,433,10987,user3832@example.com,431,1,Lucas,1b2d5f8e7a9c0d4b6f8e7a9c0d4b6f8e,2020-12-23 23:46:39
432,Elijah,Parker,434,54321,user2994@sample.net,432,1,Hazel,0d4b6f8e7a9c0d4b6f8e7a9c0d4b6f8e7,2020-12-23 05:59:58
433,Amelia,Collins,435,78901,user8984@dev.io,433,1,Sebastian,4b6f8e7a9c0d4b6f8e7a9c0d4b6f8e7a9c,2020-12-23 09:34:50
434,Lucas,Edwards,436,23456,user1235@test.org,434,1,Scarlett,6f8e7a9c0d4b6f8e7a9c0d4b6f8e7a9c0,2020-12-23 16:31:06
435,Isla,Kelly,437,78912,user2908@sample.net,435,1,Theo,8db6464eac60da96345513964,2020-12-23 20:19:25
436,Liam,Howard,438,34567,user6256@test.org,436,1,Leilani,3c1b2d5f8e7a9c0d4b6f8e7a9c0d4b6f8,2020-12-23 03:45:51
437,Addie,Ramos,439,89012,user3635@sample.net,437,1,Wyatt,5d8e7a9c0d4b6f8e7a9c0d4b6f8e7a9c,2020-12-23 21:14:55
438,Miles,Foster,440,45678,user3560@demo.co,438,1,Ellie,6f8e7a9c0d4b6f8e7a9c0d4b6f8e7a9,2020-12-23 07:20:14
439,Ellie,Stewart,441,90123,user6951@dev.io,439,1,Jace,2d5f8e7a9c0d4b6f8e7a9c0d4b6f8e7,2020-12-23 21:51:27
440,Emily,Alvarez,442,12349,user9007@sample.net,440,1,Lillian,3c1b2d5f8e7a9c0d4b6f8e7a9c0d4b,2020-12-23 13:26:40
441,Luke,Nelson,443,9876,user7413@demo.co,441,1,Aiden,4b6f8e7a9c0d4b6f8e7a9c0d4b6f8e,2020-12-23 07:57:27
442,Aria,Mcdonald,444,6543,user7941@sample.net,442,1,Addison,5d8e7a9c0d4b6f8e7a9c0d4b6f8e7,2020-12-23 16:01:24
443,Alice,Ross,445,2109,user5820@dev.io,443,1,Hunter,6f8e7a9c0d4b6f8e7a9c0d4b6f8e7a,2020-12-23 23:02:07
444,Benjamin,Morales,446,4321,user3898@sample.net,444,1,Aubrey,7d0679ca88db6464eac60da963455,2020-12-23 11:32:41
445,Charlotte,Brock,447,8765,user1077@test.org,445,1,Ethan,8cb2237d0679ca88db6464eac60da963,2020-12-23 19:34:05
446,Daniel,Sherman,448,654,user5227@example.com,446,1,Mila,9c0d4b6f8e7a9c0d4b6f8e7a9c0d4b,2020-12-23 06:51:22
447,Ethan,Flores,449,3210,user2065@example.com,447,1,Emma,3c1b2d5f8e7a9c0d4b6f8e7a9c0d4,2020-12-23 17:42:18
448,Felicity,Hayes,450,98760,user7943@sample.net,448,1,Oliver,4b6f8e7a9c0d4b6f8e7a9c0d4b6f8,2020-12-23 04:50:10
449,Grace,Cook,451,45679,user8804@example.com,449,1,Sophia,5d8e7a9c0d4b6f8e7a9c0d4b6f8e,2020-12-23 23:11:09
450,Henry,Rice,452,21098,user6142@example.com,450,1,Liam,6f8e7a9c0d4b6f8e7a9c0d4b6f8e,2020-12-23 07:23:59
451,Isabella,Diaz,453,65432,user3712@example.com,451,1,Ava,8cb2237d0679ca88db6464eac60da96,2020-12-23 08:35:36
452,James,Hicks,454,10989,user2248@test.org,452,1,Noah,9c0d4b6f8e7a9c0d4b6f8e7a9c0d4,2020-12-23 20:07:54
453,Lily,Woods,455,12345,user2997@dev.io,453,1,Isabella,8cb2237d0679ca88db6464eac60da96345513964,2020-12-23 08:46:14
454,Matthew,Quinn,456,67890,user4687@sample.net,454,1,Elijah,6a3c1b2d5f8e7a9c0d4b6f8e7a9c0d4b6f8e7,2020-12-23 15:45:39
455,Olivia,Hughes,457,24680,user2970@sample.net,455,1,Charlotte,4d5a3c1b2d5f8e7a9c0d4b6f8e7a9c0d4b6f,2020-12-23 17:41:59
456,Noah,Gutierrez,458,13579,user2202@test.org,456,1,Mason,9c0d4b6f8e7a9c0d4b6f8e7a9c0d4b6f8e7a9,2020-12-23 19:05:11
457,Sophia,Jenkins,459,98765,user6567@demo.co,457,1,Amelia,3c1b2d5f8e7a9c0d4b6f8e7a9c0d4b6f8e7a9,2020-12-23 01:06:15
458,William,Solis,460,43210,user6742@dev.io,458,1,Alexander,7d0679ca88db6464eac60da96345513964,2020-12-23 02:44:02
459,Ava,Pierce,461,56789,user6408@demo.co,459,1,Mia,8cb2237d0679ca88db6464eac60da963455,2020-12-23 17:42:39
460,David,Olson,462,87654,user9669@sample.net,460,1,Jackson,2d5f8e7a9c0d4b6f8e7a9c0d4b6f8e7a9c,2020-12-23 05:32:27
461,Emma,Stevens,463,10987,user1419@dev.io,461,1,Elizabeth,1b2d5f8e7a9c0d4b6f8e7a9c0d4b6f8e,2020-12-23 00:54:07
462,Jackson,Fisher,464,54321,user2120@dev.io,462,1,Benjamin,0d4b6f8e7a9c0d4b6f8e7a9c0d4b6f8e7,2020-12-23 04:31:59
463,Mila,Grant,465,78901,user1950@example.com,463,1,Sofia,4b6f8e7a9c0d4b6f8e7a9c0d4b6f8e7a9c,2020-12-23 15:42:36
464,Leo,Mendoza,466,23456,user6373@demo.co,464,1,Matthew,6f8e7a9c0d4b6f8e7a9c0d4b6f8e7a9c0,2020-12-23 03:29:05
465,Nora,Rios,467,78912,user3645@test.org,465,1,Victoria,8db6464eac60da96345513964,2020-12-23 13:53:18
466,Owen,Chavez,468,34567,user5612@sample.net,466,1,Leo,3c1b2d5f8e7a9c0d4b6f8e7a9c0d4b6f8,2020-12-23 08:11:10
467,Sofia,Sullivan,469,89012,user2865@example.com,467,1,Nora,5d8e7a9c0d4b6f8e7a9c0d4b6f8e7a9c,2020-12-23 13:54:15
468,Paul,Torres,470,45678,user7028@demo.co,468,1,Lucas,6f8e7a9c0d4b6f8e7a9c0d4b6f8e7a9,2020-12-23 00:44:54
469,Victoria,Ward,471,90123,user7359@demo.co,469,1,Hazel,2d5f8e7a9c0d4b6f8e7a9c0d4b6f8e7,2020-12-23 20:20:29
470,Samuel,Castillo,472,12349,user8863@dev.io,470,1,Sebastian,3c1b2d5f8e7a9c0d4b6f8e7a9c0d4b,2020-12-23 12:33:03
471,Zoe,Marshall,473,9876,user4719@dev.io,471,1,Scarlett,4b6f8e7a9c0d4b6f8e7a9c0d4b6f8e,2020-12-23 05:57:30
472,Elijah,Russell,474,6543,user3371@demo.co,472,1,Theo,5d8e7a9c0d4b6f8e7a9c0d4b6f8e7,2020-12-23 22:26:04
473,Amelia,Coleman,475,2109,user4756@test.org,473,1,Leilani,6f8e7a9c0d4b6f8e7a9c0d4b6f8e7a,2020-12-23 02:32:03
474,Lucas,Gomez,476,4321,user1094@sample.net,474,1,Wyatt,7d0679ca88db6464eac60da963455,2020-12-23 19:33:25
475,Isla,Cox,477,8765,user7898@demo.co,475,1,Ellie,8cb2237d0679ca88db6464eac60da963,2020-12-23 04:34:27
476,Liam,Reid,478,654,user1793@sample.net,476,1,Jace,9c0d4b6f8e7a9c0d4b6f8e7a9c0d4b,2020-12-23 08:51:37
477,Addie,Watson,479,3210,user3116@demo.co,477,1,Lillian,3c1b2d5f8e7a9c0d4b6f8e7a9c0d4,2020-12-23 17:05:18
478,Miles,Perez,480,98760,user7166@test.org,478,1,Aiden,4b6f8e7a9c0d4b6f8e7a9c0d4b6f8,2020-12-23 11:56:10
479,Ellie,Oliver,481,45679,user9554@demo.co,479,1,Addison,5d8e7a9c0d4b6f8e7a9c0d4b6f8e,2020-12-23 01:46:43
480,Emily,Baker,482,21098,user8783@test.org,480,1,Hunter,6f8e7a9c0d4b6f8e7a9c0d4b6f8e,2020-12-23 11:08:20
481,Luke,Graham,483,65432,user1984@example.com,481,1,Aubrey,8cb2237d0679ca88db6464eac60da96,2020-12-23 23:33:21
482,Aria,Sims,484,10989,user8790@demo.co,482,1,Ethan,9c0d4b6f8e7a9c0d4b6f8e7a9c0d4,2020-12-23 02:11:27
483,Alice,Hillyer,485,12345,user4531@demo.co,483,1,Mila,8cb2237d0679ca88db6464eac60da96345513964,2020-12-23 15:20:27
484,Benjamin,Stephens,486,67890,user5451@demo.co,484,1,Emma,6a3c1b2d5f8e7a9c0d4b6f8e7a9c0d4b6f8e7,2020-12-23 23:25:32
485,Charlotte,Johnson,487,24680,user4876@test.org,485,1,Oliver,4d5a3c1b2d5f8e7a9c0d4b6f8e7a9c0d4b6f,2020-12-23 20:34:51
486,Daniel,Williams,488,13579,user9795@test.org,486,1,Sophia,9c0d4b6f8e7a9c0d4b6f8e7a9c0d4b6f8e7a9,2020-12-23 01:40:50
487,Ethan,Jones,489,98765,user7024@sample.net,487,1,Liam,3c1b2d5f8e7a9c0d4b6f8e7a9c0d4b6f8e7a9,2020-12-23 14:17:57
488,Felicity,Brown,490,43210,user8196@example.com,488,1,Ava,7d0679ca88db6464eac60da96345513964,2020-12-23 10:56:22
489,Grace,Davis,491,56789,user4797@sample.net,489,1,Noah,8cb2237d0679ca88db6464eac60da963455,2020-12-23 15:21:16
490,Henry,Garcia,492,87654,user2792@dev.io,490,1,Isabella,2d5f8e7a9c0d4b6f8e7a9c0d4b6f8e7a9c,2020-12-23 04:43:10
491,Isabella,Miller,493,10987,user4476@test.org,491,1,Elijah,1b2d5f8e7a9c0d4b6f8e7a9c0d4b6f8e,2020-12-23 14:26:34
492,James,Wilson,494,54321,user2645@demo.co,492,1,Charlotte,0d4b6f8e7a9c0d4b6f8e7a9c0d4b6f8e7,2020-12-23 00:19:15
493,Lily,Martinez,495,78901,user4030@example.com,493,1,Mason,4b6f8e7a9c0d4b6f8e7a9c0d4b6f8e7a9c,2020-12-23 01:01:34
494,Matthew,Anderson,496,23456,user4072@sample.net,494,1,Amelia,6f8e7a9c0d4b6f8e7a9c0d4b6f8e7a9c0,2020-12-23 07:55:27
495,Olivia,Taylor,497,78912,user6031@dev.io,495,1,Alexander,8db6464eac60da96345513964,2020-12-23 14:38:05
496,Noah,Thomas,498,34567,user8112@dev.io,496,1,Mia,3c1b2d5f8e7a9c0d4b6f8e7a9c0d4b6f8,2020-12-23 08:19:59
497,Sophia,Jackson,499,89012,user9393@demo.co,497,1,Jackson,5d8e7a9c0d4b6f8e7a9c0d4b6f8e7a9c,2020-12-23 00:07:54
498,William,White,500,45678,user7456@dev.io,498,1,Elizabeth,6f8e7a9c0d4b6f8e7a9c0d4b6f8e7a9,2020-12-23 22:02:03
499,Ava,Hernandez,501,90123,user8970@demo.co,499,1,Benjamin,2d5f8e7a9c0d4b6f8e7a9c0d4b6f8e7,2020-12-23 14:37:14
500,David,Lewis,502,12349,user1536@test.org,500,1,Sofia,3c1b2d5f8e7a9c0d4b6f8e7a9c0d4b,2020-12-23 20:34:56
501,Emma,Robinson,503,9876,user8973@test.org,501,1,Matthew,4b6f8e7a9c0d4b6f8e7a9c0d4b6f8e,2020-12-23 20:52:45
502,Jackson,Clark,504,6543,user9070@test.org,502,1,Victoria,5d8e7a9c0d4b6f8e7a9c0d4b6f8e7,2020-12-23 19:13:35
